<?xml version="1.0" encoding="UTF-8"?>
<inventory xmlns="http://www.demandware.com/xml/impex/inventory/2007-05-31">
    <inventory-list>
        <header list-id="inventory_m_store_store7">
            <default-instock>false</default-instock>
            <description>Inventory list for store: Electro Turbo</description>
            <use-bundle-inventory-only>false</use-bundle-inventory-only>
            <on-order>false</on-order>
        </header>

        <records>
            <record product-id="883360352015M">
                <allocation>3</allocation>
                <perpetual>false</perpetual>
                <preorder-backorder-handling>none</preorder-backorder-handling>
            </record>

            <record product-id="883360352022M">
                <allocation>2</allocation>
                <perpetual>false</perpetual>
                <preorder-backorder-handling>none</preorder-backorder-handling>
            </record>

            <record product-id="883360352039M">
                <allocation>2</allocation>
                <perpetual>false</perpetual>
                <preorder-backorder-handling>none</preorder-backorder-handling>
            </record>

            <record product-id="883360352046M">
                <allocation>1</allocation>
                <perpetual>false</perpetual>
                <preorder-backorder-handling>none</preorder-backorder-handling>
            </record>

            <record product-id="883360352053M">
                <allocation>0</allocation>
                <perpetual>false</perpetual>
                <preorder-backorder-handling>none</preorder-backorder-handling>
            </record>

            <record product-id="883360352060M">
                <allocation>2</allocation>
                <perpetual>false</perpetual>
                <preorder-backorder-handling>none</preorder-backorder-handling>
            </record>

            <record product-id="883360352077M">
                <allocation>2</allocation>
                <perpetual>false</perpetual>
                <preorder-backorder-handling>none</preorder-backorder-handling>
            </record>

            <record product-id="883360352084M">
                <allocation>2</allocation>
                <perpetual>false</perpetual>
                <preorder-backorder-handling>none</preorder-backorder-handling>
            </record>

            <record product-id="883360352091M">
                <allocation>0</allocation>
                <perpetual>false</perpetual>
                <preorder-backorder-handling>none</preorder-backorder-handling>
            </record>

            <record product-id="883360352107M">
                <allocation>0</allocation>
                <perpetual>false</perpetual>
                <preorder-backorder-handling>none</preorder-backorder-handling>
            </record>

            <record product-id="883360352114M">
                <allocation>3</allocation>
                <perpetual>false</perpetual>
                <preorder-backorder-handling>none</preorder-backorder-handling>
            </record>

            <record product-id="883360352121M">
                <allocation>3</allocation>
                <perpetual>false</perpetual>
                <preorder-backorder-handling>none</preorder-backorder-handling>
            </record>

            <record product-id="883360352138M">
                <allocation>1</allocation>
                <perpetual>false</perpetual>
                <preorder-backorder-handling>none</preorder-backorder-handling>
            </record>

            <record product-id="883360352145M">
                <allocation>3</allocation>
                <perpetual>false</perpetual>
                <preorder-backorder-handling>none</preorder-backorder-handling>
            </record>

            <record product-id="883360352152M">
                <allocation>0</allocation>
                <perpetual>false</perpetual>
                <preorder-backorder-handling>none</preorder-backorder-handling>
            </record>

            <record product-id="883360352169M">
                <allocation>3</allocation>
                <perpetual>false</perpetual>
                <preorder-backorder-handling>none</preorder-backorder-handling>
            </record>

            <record product-id="883360352176M">
                <allocation>1</allocation>
                <perpetual>false</perpetual>
                <preorder-backorder-handling>none</preorder-backorder-handling>
            </record>

            <record product-id="883360352183M">
                <allocation>2</allocation>
                <perpetual>false</perpetual>
                <preorder-backorder-handling>none</preorder-backorder-handling>
            </record>

            <record product-id="883360352190M">
                <allocation>0</allocation>
                <perpetual>false</perpetual>
                <preorder-backorder-handling>none</preorder-backorder-handling>
            </record>

            <record product-id="883360352206M">
                <allocation>2</allocation>
                <perpetual>false</perpetual>
                <preorder-backorder-handling>none</preorder-backorder-handling>
            </record>

            <record product-id="883360352213M">
                <allocation>0</allocation>
                <perpetual>false</perpetual>
                <preorder-backorder-handling>none</preorder-backorder-handling>
            </record>

            <record product-id="883360352220M">
                <allocation>1</allocation>
                <perpetual>false</perpetual>
                <preorder-backorder-handling>none</preorder-backorder-handling>
            </record>

            <record product-id="883360352237M">
                <allocation>2</allocation>
                <perpetual>false</perpetual>
                <preorder-backorder-handling>none</preorder-backorder-handling>
            </record>

            <record product-id="883360352244M">
                <allocation>1</allocation>
                <perpetual>false</perpetual>
                <preorder-backorder-handling>none</preorder-backorder-handling>
            </record>

            <record product-id="883360352251M">
                <allocation>1</allocation>
                <perpetual>false</perpetual>
                <preorder-backorder-handling>none</preorder-backorder-handling>
            </record>

            <record product-id="883360352268M">
                <allocation>0</allocation>
                <perpetual>false</perpetual>
                <preorder-backorder-handling>none</preorder-backorder-handling>
            </record>

            <record product-id="883360352275M">
                <allocation>0</allocation>
                <perpetual>false</perpetual>
                <preorder-backorder-handling>none</preorder-backorder-handling>
            </record>

            <record product-id="883360352282M">
                <allocation>0</allocation>
                <perpetual>false</perpetual>
                <preorder-backorder-handling>none</preorder-backorder-handling>
            </record>

            <record product-id="883360352299M">
                <allocation>1</allocation>
                <perpetual>false</perpetual>
                <preorder-backorder-handling>none</preorder-backorder-handling>
            </record>

            <record product-id="883360352305M">
                <allocation>2</allocation>
                <perpetual>false</perpetual>
                <preorder-backorder-handling>none</preorder-backorder-handling>
            </record>

            <record product-id="883360352312M">
                <allocation>1</allocation>
                <perpetual>false</perpetual>
                <preorder-backorder-handling>none</preorder-backorder-handling>
            </record>

            <record product-id="883360352329M">
                <allocation>2</allocation>
                <perpetual>false</perpetual>
                <preorder-backorder-handling>none</preorder-backorder-handling>
            </record>

            <record product-id="883360352336M">
                <allocation>0</allocation>
                <perpetual>false</perpetual>
                <preorder-backorder-handling>none</preorder-backorder-handling>
            </record>

            <record product-id="883360352343M">
                <allocation>2</allocation>
                <perpetual>false</perpetual>
                <preorder-backorder-handling>none</preorder-backorder-handling>
            </record>

            <record product-id="883360352350M">
                <allocation>2</allocation>
                <perpetual>false</perpetual>
                <preorder-backorder-handling>none</preorder-backorder-handling>
            </record>

            <record product-id="883360352367M">
                <allocation>2</allocation>
                <perpetual>false</perpetual>
                <preorder-backorder-handling>none</preorder-backorder-handling>
            </record>

            <record product-id="883360352374M">
                <allocation>2</allocation>
                <perpetual>false</perpetual>
                <preorder-backorder-handling>none</preorder-backorder-handling>
            </record>

            <record product-id="883360352381M">
                <allocation>1</allocation>
                <perpetual>false</perpetual>
                <preorder-backorder-handling>none</preorder-backorder-handling>
            </record>

            <record product-id="883360352398M">
                <allocation>0</allocation>
                <perpetual>false</perpetual>
                <preorder-backorder-handling>none</preorder-backorder-handling>
            </record>

            <record product-id="883360352404M">
                <allocation>0</allocation>
                <perpetual>false</perpetual>
                <preorder-backorder-handling>none</preorder-backorder-handling>
            </record>

            <record product-id="883360352411M">
                <allocation>1</allocation>
                <perpetual>false</perpetual>
                <preorder-backorder-handling>none</preorder-backorder-handling>
            </record>

            <record product-id="883360352428M">
                <allocation>3</allocation>
                <perpetual>false</perpetual>
                <preorder-backorder-handling>none</preorder-backorder-handling>
            </record>

            <record product-id="883360352435M">
                <allocation>0</allocation>
                <perpetual>false</perpetual>
                <preorder-backorder-handling>none</preorder-backorder-handling>
            </record>

            <record product-id="883360352442M">
                <allocation>3</allocation>
                <perpetual>false</perpetual>
                <preorder-backorder-handling>none</preorder-backorder-handling>
            </record>

            <record product-id="883360352459M">
                <allocation>2</allocation>
                <perpetual>false</perpetual>
                <preorder-backorder-handling>none</preorder-backorder-handling>
            </record>

            <record product-id="883360352466M">
                <allocation>3</allocation>
                <perpetual>false</perpetual>
                <preorder-backorder-handling>none</preorder-backorder-handling>
            </record>

            <record product-id="883360352473M">
                <allocation>0</allocation>
                <perpetual>false</perpetual>
                <preorder-backorder-handling>none</preorder-backorder-handling>
            </record>

            <record product-id="883360352480M">
                <allocation>3</allocation>
                <perpetual>false</perpetual>
                <preorder-backorder-handling>none</preorder-backorder-handling>
            </record>

            <record product-id="883360352497M">
                <allocation>2</allocation>
                <perpetual>false</perpetual>
                <preorder-backorder-handling>none</preorder-backorder-handling>
            </record>

            <record product-id="883360352503M">
                <allocation>1</allocation>
                <perpetual>false</perpetual>
                <preorder-backorder-handling>none</preorder-backorder-handling>
            </record>

            <record product-id="883360352619M">
                <allocation>3</allocation>
                <perpetual>false</perpetual>
                <preorder-backorder-handling>none</preorder-backorder-handling>
            </record>

            <record product-id="883360352626M">
                <allocation>3</allocation>
                <perpetual>false</perpetual>
                <preorder-backorder-handling>none</preorder-backorder-handling>
            </record>

            <record product-id="883360352633M">
                <allocation>2</allocation>
                <perpetual>false</perpetual>
                <preorder-backorder-handling>none</preorder-backorder-handling>
            </record>

            <record product-id="883360352640M">
                <allocation>3</allocation>
                <perpetual>false</perpetual>
                <preorder-backorder-handling>none</preorder-backorder-handling>
            </record>

            <record product-id="883360352657M">
                <allocation>3</allocation>
                <perpetual>false</perpetual>
                <preorder-backorder-handling>none</preorder-backorder-handling>
            </record>

            <record product-id="883360352664M">
                <allocation>3</allocation>
                <perpetual>false</perpetual>
                <preorder-backorder-handling>none</preorder-backorder-handling>
            </record>

            <record product-id="883360352671M">
                <allocation>3</allocation>
                <perpetual>false</perpetual>
                <preorder-backorder-handling>none</preorder-backorder-handling>
            </record>

            <record product-id="883360352688M">
                <allocation>2</allocation>
                <perpetual>false</perpetual>
                <preorder-backorder-handling>none</preorder-backorder-handling>
            </record>

            <record product-id="883360352695M">
                <allocation>1</allocation>
                <perpetual>false</perpetual>
                <preorder-backorder-handling>none</preorder-backorder-handling>
            </record>

            <record product-id="883360352701M">
                <allocation>0</allocation>
                <perpetual>false</perpetual>
                <preorder-backorder-handling>none</preorder-backorder-handling>
            </record>

            <record product-id="883360390109M">
                <allocation>2</allocation>
                <perpetual>false</perpetual>
                <preorder-backorder-handling>none</preorder-backorder-handling>
            </record>

            <record product-id="883360390116M">
                <allocation>1</allocation>
                <perpetual>false</perpetual>
                <preorder-backorder-handling>none</preorder-backorder-handling>
            </record>

            <record product-id="883360390123M">
                <allocation>2</allocation>
                <perpetual>false</perpetual>
                <preorder-backorder-handling>none</preorder-backorder-handling>
            </record>

            <record product-id="883360390130M">
                <allocation>1</allocation>
                <perpetual>false</perpetual>
                <preorder-backorder-handling>none</preorder-backorder-handling>
            </record>

            <record product-id="883360390147M">
                <allocation>2</allocation>
                <perpetual>false</perpetual>
                <preorder-backorder-handling>none</preorder-backorder-handling>
            </record>

            <record product-id="883360390154M">
                <allocation>1</allocation>
                <perpetual>false</perpetual>
                <preorder-backorder-handling>none</preorder-backorder-handling>
            </record>

            <record product-id="883360390161M">
                <allocation>2</allocation>
                <perpetual>false</perpetual>
                <preorder-backorder-handling>none</preorder-backorder-handling>
            </record>

            <record product-id="883360390178M">
                <allocation>1</allocation>
                <perpetual>false</perpetual>
                <preorder-backorder-handling>none</preorder-backorder-handling>
            </record>

            <record product-id="883360390185M">
                <allocation>1</allocation>
                <perpetual>false</perpetual>
                <preorder-backorder-handling>none</preorder-backorder-handling>
            </record>

            <record product-id="883360390192M">
                <allocation>3</allocation>
                <perpetual>false</perpetual>
                <preorder-backorder-handling>none</preorder-backorder-handling>
            </record>

            <record product-id="883360492087M">
                <allocation>2</allocation>
                <perpetual>false</perpetual>
                <preorder-backorder-handling>none</preorder-backorder-handling>
            </record>

            <record product-id="883360492094M">
                <allocation>2</allocation>
                <perpetual>false</perpetual>
                <preorder-backorder-handling>none</preorder-backorder-handling>
            </record>

            <record product-id="883360492100M">
                <allocation>2</allocation>
                <perpetual>false</perpetual>
                <preorder-backorder-handling>none</preorder-backorder-handling>
            </record>

            <record product-id="883360492117M">
                <allocation>1</allocation>
                <perpetual>false</perpetual>
                <preorder-backorder-handling>none</preorder-backorder-handling>
            </record>

            <record product-id="883360492124M">
                <allocation>1</allocation>
                <perpetual>false</perpetual>
                <preorder-backorder-handling>none</preorder-backorder-handling>
            </record>

            <record product-id="883360492131M">
                <allocation>0</allocation>
                <perpetual>false</perpetual>
                <preorder-backorder-handling>none</preorder-backorder-handling>
            </record>

            <record product-id="883360492148M">
                <allocation>0</allocation>
                <perpetual>false</perpetual>
                <preorder-backorder-handling>none</preorder-backorder-handling>
            </record>

            <record product-id="883360492155M">
                <allocation>0</allocation>
                <perpetual>false</perpetual>
                <preorder-backorder-handling>none</preorder-backorder-handling>
            </record>

            <record product-id="883360492162M">
                <allocation>1</allocation>
                <perpetual>false</perpetual>
                <preorder-backorder-handling>none</preorder-backorder-handling>
            </record>

            <record product-id="883360492179M">
                <allocation>3</allocation>
                <perpetual>false</perpetual>
                <preorder-backorder-handling>none</preorder-backorder-handling>
            </record>

            <record product-id="883360513058M">
                <allocation>2</allocation>
                <perpetual>false</perpetual>
                <preorder-backorder-handling>none</preorder-backorder-handling>
            </record>

            <record product-id="883360513065M">
                <allocation>1</allocation>
                <perpetual>false</perpetual>
                <preorder-backorder-handling>none</preorder-backorder-handling>
            </record>

            <record product-id="883360513072M">
                <allocation>3</allocation>
                <perpetual>false</perpetual>
                <preorder-backorder-handling>none</preorder-backorder-handling>
            </record>

            <record product-id="883360513089M">
                <allocation>0</allocation>
                <perpetual>false</perpetual>
                <preorder-backorder-handling>none</preorder-backorder-handling>
            </record>

            <record product-id="883360513096M">
                <allocation>0</allocation>
                <perpetual>false</perpetual>
                <preorder-backorder-handling>none</preorder-backorder-handling>
            </record>

            <record product-id="883360513102M">
                <allocation>1</allocation>
                <perpetual>false</perpetual>
                <preorder-backorder-handling>none</preorder-backorder-handling>
            </record>

            <record product-id="883360513119M">
                <allocation>1</allocation>
                <perpetual>false</perpetual>
                <preorder-backorder-handling>none</preorder-backorder-handling>
            </record>

            <record product-id="883360513126M">
                <allocation>1</allocation>
                <perpetual>false</perpetual>
                <preorder-backorder-handling>none</preorder-backorder-handling>
            </record>

            <record product-id="883360513133M">
                <allocation>2</allocation>
                <perpetual>false</perpetual>
                <preorder-backorder-handling>none</preorder-backorder-handling>
            </record>

            <record product-id="883360513140M">
                <allocation>1</allocation>
                <perpetual>false</perpetual>
                <preorder-backorder-handling>none</preorder-backorder-handling>
            </record>

            <record product-id="883360519678M">
                <allocation>0</allocation>
                <perpetual>false</perpetual>
                <preorder-backorder-handling>none</preorder-backorder-handling>
            </record>

            <record product-id="883360519685M">
                <allocation>1</allocation>
                <perpetual>false</perpetual>
                <preorder-backorder-handling>none</preorder-backorder-handling>
            </record>

            <record product-id="883360519692M">
                <allocation>0</allocation>
                <perpetual>false</perpetual>
                <preorder-backorder-handling>none</preorder-backorder-handling>
            </record>

            <record product-id="883360519708M">
                <allocation>2</allocation>
                <perpetual>false</perpetual>
                <preorder-backorder-handling>none</preorder-backorder-handling>
            </record>

            <record product-id="883360519715M">
                <allocation>3</allocation>
                <perpetual>false</perpetual>
                <preorder-backorder-handling>none</preorder-backorder-handling>
            </record>

            <record product-id="883360519722M">
                <allocation>1</allocation>
                <perpetual>false</perpetual>
                <preorder-backorder-handling>none</preorder-backorder-handling>
            </record>

            <record product-id="883360519739M">
                <allocation>1</allocation>
                <perpetual>false</perpetual>
                <preorder-backorder-handling>none</preorder-backorder-handling>
            </record>

            <record product-id="883360519746M">
                <allocation>1</allocation>
                <perpetual>false</perpetual>
                <preorder-backorder-handling>none</preorder-backorder-handling>
            </record>

            <record product-id="883360519753M">
                <allocation>3</allocation>
                <perpetual>false</perpetual>
                <preorder-backorder-handling>none</preorder-backorder-handling>
            </record>

            <record product-id="883360519760M">
                <allocation>3</allocation>
                <perpetual>false</perpetual>
                <preorder-backorder-handling>none</preorder-backorder-handling>
            </record>

            <record product-id="883360520070M">
                <allocation>2</allocation>
                <perpetual>false</perpetual>
                <preorder-backorder-handling>none</preorder-backorder-handling>
            </record>

            <record product-id="883360520087M">
                <allocation>3</allocation>
                <perpetual>false</perpetual>
                <preorder-backorder-handling>none</preorder-backorder-handling>
            </record>

            <record product-id="883360520094M">
                <allocation>3</allocation>
                <perpetual>false</perpetual>
                <preorder-backorder-handling>none</preorder-backorder-handling>
            </record>

            <record product-id="883360520100M">
                <allocation>3</allocation>
                <perpetual>false</perpetual>
                <preorder-backorder-handling>none</preorder-backorder-handling>
            </record>

            <record product-id="883360520117M">
                <allocation>3</allocation>
                <perpetual>false</perpetual>
                <preorder-backorder-handling>none</preorder-backorder-handling>
            </record>

            <record product-id="883360520124M">
                <allocation>1</allocation>
                <perpetual>false</perpetual>
                <preorder-backorder-handling>none</preorder-backorder-handling>
            </record>

            <record product-id="883360520131M">
                <allocation>1</allocation>
                <perpetual>false</perpetual>
                <preorder-backorder-handling>none</preorder-backorder-handling>
            </record>

            <record product-id="883360520148M">
                <allocation>2</allocation>
                <perpetual>false</perpetual>
                <preorder-backorder-handling>none</preorder-backorder-handling>
            </record>

            <record product-id="883360520155M">
                <allocation>2</allocation>
                <perpetual>false</perpetual>
                <preorder-backorder-handling>none</preorder-backorder-handling>
            </record>

            <record product-id="883360520162M">
                <allocation>1</allocation>
                <perpetual>false</perpetual>
                <preorder-backorder-handling>none</preorder-backorder-handling>
            </record>

            <record product-id="883360520278M">
                <allocation>0</allocation>
                <perpetual>false</perpetual>
                <preorder-backorder-handling>none</preorder-backorder-handling>
            </record>

            <record product-id="883360520285M">
                <allocation>3</allocation>
                <perpetual>false</perpetual>
                <preorder-backorder-handling>none</preorder-backorder-handling>
            </record>

            <record product-id="883360520292M">
                <allocation>2</allocation>
                <perpetual>false</perpetual>
                <preorder-backorder-handling>none</preorder-backorder-handling>
            </record>

            <record product-id="883360520308M">
                <allocation>1</allocation>
                <perpetual>false</perpetual>
                <preorder-backorder-handling>none</preorder-backorder-handling>
            </record>

            <record product-id="883360520315M">
                <allocation>3</allocation>
                <perpetual>false</perpetual>
                <preorder-backorder-handling>none</preorder-backorder-handling>
            </record>

            <record product-id="883360520322M">
                <allocation>3</allocation>
                <perpetual>false</perpetual>
                <preorder-backorder-handling>none</preorder-backorder-handling>
            </record>

            <record product-id="883360520339M">
                <allocation>1</allocation>
                <perpetual>false</perpetual>
                <preorder-backorder-handling>none</preorder-backorder-handling>
            </record>

            <record product-id="883360520346M">
                <allocation>1</allocation>
                <perpetual>false</perpetual>
                <preorder-backorder-handling>none</preorder-backorder-handling>
            </record>

            <record product-id="883360520353M">
                <allocation>1</allocation>
                <perpetual>false</perpetual>
                <preorder-backorder-handling>none</preorder-backorder-handling>
            </record>

            <record product-id="883360520360M">
                <allocation>1</allocation>
                <perpetual>false</perpetual>
                <preorder-backorder-handling>none</preorder-backorder-handling>
            </record>

            <record product-id="883360520377M">
                <allocation>1</allocation>
                <perpetual>false</perpetual>
                <preorder-backorder-handling>none</preorder-backorder-handling>
            </record>

            <record product-id="883360520384M">
                <allocation>2</allocation>
                <perpetual>false</perpetual>
                <preorder-backorder-handling>none</preorder-backorder-handling>
            </record>

            <record product-id="883360520391M">
                <allocation>3</allocation>
                <perpetual>false</perpetual>
                <preorder-backorder-handling>none</preorder-backorder-handling>
            </record>

            <record product-id="883360520407M">
                <allocation>1</allocation>
                <perpetual>false</perpetual>
                <preorder-backorder-handling>none</preorder-backorder-handling>
            </record>

            <record product-id="883360520414M">
                <allocation>1</allocation>
                <perpetual>false</perpetual>
                <preorder-backorder-handling>none</preorder-backorder-handling>
            </record>

            <record product-id="883360520421M">
                <allocation>2</allocation>
                <perpetual>false</perpetual>
                <preorder-backorder-handling>none</preorder-backorder-handling>
            </record>

            <record product-id="883360520438M">
                <allocation>2</allocation>
                <perpetual>false</perpetual>
                <preorder-backorder-handling>none</preorder-backorder-handling>
            </record>

            <record product-id="883360520445M">
                <allocation>0</allocation>
                <perpetual>false</perpetual>
                <preorder-backorder-handling>none</preorder-backorder-handling>
            </record>

            <record product-id="883360520452M">
                <allocation>3</allocation>
                <perpetual>false</perpetual>
                <preorder-backorder-handling>none</preorder-backorder-handling>
            </record>

            <record product-id="883360520469M">
                <allocation>0</allocation>
                <perpetual>false</perpetual>
                <preorder-backorder-handling>none</preorder-backorder-handling>
            </record>

            <record product-id="883360520476M">
                <allocation>1</allocation>
                <perpetual>false</perpetual>
                <preorder-backorder-handling>none</preorder-backorder-handling>
            </record>

            <record product-id="883360520483M">
                <allocation>2</allocation>
                <perpetual>false</perpetual>
                <preorder-backorder-handling>none</preorder-backorder-handling>
            </record>

            <record product-id="883360520490M">
                <allocation>2</allocation>
                <perpetual>false</perpetual>
                <preorder-backorder-handling>none</preorder-backorder-handling>
            </record>

            <record product-id="883360520506M">
                <allocation>0</allocation>
                <perpetual>false</perpetual>
                <preorder-backorder-handling>none</preorder-backorder-handling>
            </record>

            <record product-id="883360520513M">
                <allocation>3</allocation>
                <perpetual>false</perpetual>
                <preorder-backorder-handling>none</preorder-backorder-handling>
            </record>

            <record product-id="883360520520M">
                <allocation>2</allocation>
                <perpetual>false</perpetual>
                <preorder-backorder-handling>none</preorder-backorder-handling>
            </record>

            <record product-id="883360520537M">
                <allocation>0</allocation>
                <perpetual>false</perpetual>
                <preorder-backorder-handling>none</preorder-backorder-handling>
            </record>

            <record product-id="883360520544M">
                <allocation>2</allocation>
                <perpetual>false</perpetual>
                <preorder-backorder-handling>none</preorder-backorder-handling>
            </record>

            <record product-id="883360520551M">
                <allocation>1</allocation>
                <perpetual>false</perpetual>
                <preorder-backorder-handling>none</preorder-backorder-handling>
            </record>

            <record product-id="883360520568M">
                <allocation>0</allocation>
                <perpetual>false</perpetual>
                <preorder-backorder-handling>none</preorder-backorder-handling>
            </record>

            <record product-id="883360520575M">
                <allocation>1</allocation>
                <perpetual>false</perpetual>
                <preorder-backorder-handling>none</preorder-backorder-handling>
            </record>

            <record product-id="883360520582M">
                <allocation>1</allocation>
                <perpetual>false</perpetual>
                <preorder-backorder-handling>none</preorder-backorder-handling>
            </record>

            <record product-id="883360520599M">
                <allocation>0</allocation>
                <perpetual>false</perpetual>
                <preorder-backorder-handling>none</preorder-backorder-handling>
            </record>

            <record product-id="883360520605M">
                <allocation>1</allocation>
                <perpetual>false</perpetual>
                <preorder-backorder-handling>none</preorder-backorder-handling>
            </record>

            <record product-id="883360520612M">
                <allocation>3</allocation>
                <perpetual>false</perpetual>
                <preorder-backorder-handling>none</preorder-backorder-handling>
            </record>

            <record product-id="883360520629M">
                <allocation>2</allocation>
                <perpetual>false</perpetual>
                <preorder-backorder-handling>none</preorder-backorder-handling>
            </record>

            <record product-id="883360520636M">
                <allocation>0</allocation>
                <perpetual>false</perpetual>
                <preorder-backorder-handling>none</preorder-backorder-handling>
            </record>

            <record product-id="883360520643M">
                <allocation>0</allocation>
                <perpetual>false</perpetual>
                <preorder-backorder-handling>none</preorder-backorder-handling>
            </record>

            <record product-id="883360520650M">
                <allocation>2</allocation>
                <perpetual>false</perpetual>
                <preorder-backorder-handling>none</preorder-backorder-handling>
            </record>

            <record product-id="883360520667M">
                <allocation>0</allocation>
                <perpetual>false</perpetual>
                <preorder-backorder-handling>none</preorder-backorder-handling>
            </record>

            <record product-id="883360520872M">
                <allocation>3</allocation>
                <perpetual>false</perpetual>
                <preorder-backorder-handling>none</preorder-backorder-handling>
            </record>

            <record product-id="883360520889M">
                <allocation>0</allocation>
                <perpetual>false</perpetual>
                <preorder-backorder-handling>none</preorder-backorder-handling>
            </record>

            <record product-id="883360520896M">
                <allocation>3</allocation>
                <perpetual>false</perpetual>
                <preorder-backorder-handling>none</preorder-backorder-handling>
            </record>

            <record product-id="883360520902M">
                <allocation>0</allocation>
                <perpetual>false</perpetual>
                <preorder-backorder-handling>none</preorder-backorder-handling>
            </record>

            <record product-id="883360520919M">
                <allocation>2</allocation>
                <perpetual>false</perpetual>
                <preorder-backorder-handling>none</preorder-backorder-handling>
            </record>

            <record product-id="883360520926M">
                <allocation>3</allocation>
                <perpetual>false</perpetual>
                <preorder-backorder-handling>none</preorder-backorder-handling>
            </record>

            <record product-id="883360520933M">
                <allocation>2</allocation>
                <perpetual>false</perpetual>
                <preorder-backorder-handling>none</preorder-backorder-handling>
            </record>

            <record product-id="883360520940M">
                <allocation>0</allocation>
                <perpetual>false</perpetual>
                <preorder-backorder-handling>none</preorder-backorder-handling>
            </record>

            <record product-id="883360520957M">
                <allocation>0</allocation>
                <perpetual>false</perpetual>
                <preorder-backorder-handling>none</preorder-backorder-handling>
            </record>

            <record product-id="883360520964M">
                <allocation>3</allocation>
                <perpetual>false</perpetual>
                <preorder-backorder-handling>none</preorder-backorder-handling>
            </record>

            <record product-id="883360524894M">
                <allocation>2</allocation>
                <perpetual>false</perpetual>
                <preorder-backorder-handling>none</preorder-backorder-handling>
            </record>

            <record product-id="883360524900M">
                <allocation>1</allocation>
                <perpetual>false</perpetual>
                <preorder-backorder-handling>none</preorder-backorder-handling>
            </record>

            <record product-id="883360524917M">
                <allocation>1</allocation>
                <perpetual>false</perpetual>
                <preorder-backorder-handling>none</preorder-backorder-handling>
            </record>

            <record product-id="883360524924M">
                <allocation>2</allocation>
                <perpetual>false</perpetual>
                <preorder-backorder-handling>none</preorder-backorder-handling>
            </record>

            <record product-id="883360524931M">
                <allocation>1</allocation>
                <perpetual>false</perpetual>
                <preorder-backorder-handling>none</preorder-backorder-handling>
            </record>

            <record product-id="883360524948M">
                <allocation>3</allocation>
                <perpetual>false</perpetual>
                <preorder-backorder-handling>none</preorder-backorder-handling>
            </record>

            <record product-id="883360524955M">
                <allocation>0</allocation>
                <perpetual>false</perpetual>
                <preorder-backorder-handling>none</preorder-backorder-handling>
            </record>

            <record product-id="883360524962M">
                <allocation>2</allocation>
                <perpetual>false</perpetual>
                <preorder-backorder-handling>none</preorder-backorder-handling>
            </record>

            <record product-id="883360524979M">
                <allocation>1</allocation>
                <perpetual>false</perpetual>
                <preorder-backorder-handling>none</preorder-backorder-handling>
            </record>

            <record product-id="883360524986M">
                <allocation>1</allocation>
                <perpetual>false</perpetual>
                <preorder-backorder-handling>none</preorder-backorder-handling>
            </record>

            <record product-id="883360525396M">
                <allocation>3</allocation>
                <perpetual>false</perpetual>
                <preorder-backorder-handling>none</preorder-backorder-handling>
            </record>

            <record product-id="883360525402M">
                <allocation>1</allocation>
                <perpetual>false</perpetual>
                <preorder-backorder-handling>none</preorder-backorder-handling>
            </record>

            <record product-id="883360525419M">
                <allocation>2</allocation>
                <perpetual>false</perpetual>
                <preorder-backorder-handling>none</preorder-backorder-handling>
            </record>

            <record product-id="883360525426M">
                <allocation>2</allocation>
                <perpetual>false</perpetual>
                <preorder-backorder-handling>none</preorder-backorder-handling>
            </record>

            <record product-id="883360525433M">
                <allocation>3</allocation>
                <perpetual>false</perpetual>
                <preorder-backorder-handling>none</preorder-backorder-handling>
            </record>

            <record product-id="883360525440M">
                <allocation>3</allocation>
                <perpetual>false</perpetual>
                <preorder-backorder-handling>none</preorder-backorder-handling>
            </record>

            <record product-id="883360525457M">
                <allocation>0</allocation>
                <perpetual>false</perpetual>
                <preorder-backorder-handling>none</preorder-backorder-handling>
            </record>

            <record product-id="883360525464M">
                <allocation>0</allocation>
                <perpetual>false</perpetual>
                <preorder-backorder-handling>none</preorder-backorder-handling>
            </record>

            <record product-id="883360525471M">
                <allocation>2</allocation>
                <perpetual>false</perpetual>
                <preorder-backorder-handling>none</preorder-backorder-handling>
            </record>

            <record product-id="883360525488M">
                <allocation>2</allocation>
                <perpetual>false</perpetual>
                <preorder-backorder-handling>none</preorder-backorder-handling>
            </record>

            <record product-id="883360542805M">
                <allocation>0</allocation>
                <perpetual>false</perpetual>
                <preorder-backorder-handling>none</preorder-backorder-handling>
            </record>

            <record product-id="883360542812M">
                <allocation>2</allocation>
                <perpetual>false</perpetual>
                <preorder-backorder-handling>none</preorder-backorder-handling>
            </record>

            <record product-id="883360542829M">
                <allocation>3</allocation>
                <perpetual>false</perpetual>
                <preorder-backorder-handling>none</preorder-backorder-handling>
            </record>

            <record product-id="883360542836M">
                <allocation>1</allocation>
                <perpetual>false</perpetual>
                <preorder-backorder-handling>none</preorder-backorder-handling>
            </record>

            <record product-id="883360542843M">
                <allocation>1</allocation>
                <perpetual>false</perpetual>
                <preorder-backorder-handling>none</preorder-backorder-handling>
            </record>

            <record product-id="883360542850M">
                <allocation>1</allocation>
                <perpetual>false</perpetual>
                <preorder-backorder-handling>none</preorder-backorder-handling>
            </record>

            <record product-id="883360542867M">
                <allocation>3</allocation>
                <perpetual>false</perpetual>
                <preorder-backorder-handling>none</preorder-backorder-handling>
            </record>

            <record product-id="883360542874M">
                <allocation>0</allocation>
                <perpetual>false</perpetual>
                <preorder-backorder-handling>none</preorder-backorder-handling>
            </record>

            <record product-id="883360542881M">
                <allocation>0</allocation>
                <perpetual>false</perpetual>
                <preorder-backorder-handling>none</preorder-backorder-handling>
            </record>

            <record product-id="883360542898M">
                <allocation>0</allocation>
                <perpetual>false</perpetual>
                <preorder-backorder-handling>none</preorder-backorder-handling>
            </record>

            <record product-id="883360543505M">
                <allocation>0</allocation>
                <perpetual>false</perpetual>
                <preorder-backorder-handling>none</preorder-backorder-handling>
            </record>

            <record product-id="883360543512M">
                <allocation>0</allocation>
                <perpetual>false</perpetual>
                <preorder-backorder-handling>none</preorder-backorder-handling>
            </record>

            <record product-id="883360543529M">
                <allocation>2</allocation>
                <perpetual>false</perpetual>
                <preorder-backorder-handling>none</preorder-backorder-handling>
            </record>

            <record product-id="883360543536M">
                <allocation>0</allocation>
                <perpetual>false</perpetual>
                <preorder-backorder-handling>none</preorder-backorder-handling>
            </record>

            <record product-id="883360543543M">
                <allocation>2</allocation>
                <perpetual>false</perpetual>
                <preorder-backorder-handling>none</preorder-backorder-handling>
            </record>

            <record product-id="883360543550M">
                <allocation>2</allocation>
                <perpetual>false</perpetual>
                <preorder-backorder-handling>none</preorder-backorder-handling>
            </record>

            <record product-id="883360543567M">
                <allocation>2</allocation>
                <perpetual>false</perpetual>
                <preorder-backorder-handling>none</preorder-backorder-handling>
            </record>

            <record product-id="883360543574M">
                <allocation>2</allocation>
                <perpetual>false</perpetual>
                <preorder-backorder-handling>none</preorder-backorder-handling>
            </record>

            <record product-id="883360543581M">
                <allocation>0</allocation>
                <perpetual>false</perpetual>
                <preorder-backorder-handling>none</preorder-backorder-handling>
            </record>

            <record product-id="883360543598M">
                <allocation>3</allocation>
                <perpetual>false</perpetual>
                <preorder-backorder-handling>none</preorder-backorder-handling>
            </record>

            <record product-id="883360544403M">
                <allocation>2</allocation>
                <perpetual>false</perpetual>
                <preorder-backorder-handling>none</preorder-backorder-handling>
            </record>

            <record product-id="883360544410M">
                <allocation>2</allocation>
                <perpetual>false</perpetual>
                <preorder-backorder-handling>none</preorder-backorder-handling>
            </record>

            <record product-id="883360544427M">
                <allocation>1</allocation>
                <perpetual>false</perpetual>
                <preorder-backorder-handling>none</preorder-backorder-handling>
            </record>

            <record product-id="883360544434M">
                <allocation>3</allocation>
                <perpetual>false</perpetual>
                <preorder-backorder-handling>none</preorder-backorder-handling>
            </record>

            <record product-id="883360544441M">
                <allocation>0</allocation>
                <perpetual>false</perpetual>
                <preorder-backorder-handling>none</preorder-backorder-handling>
            </record>

            <record product-id="883360544458M">
                <allocation>3</allocation>
                <perpetual>false</perpetual>
                <preorder-backorder-handling>none</preorder-backorder-handling>
            </record>

            <record product-id="883360544465M">
                <allocation>2</allocation>
                <perpetual>false</perpetual>
                <preorder-backorder-handling>none</preorder-backorder-handling>
            </record>

            <record product-id="883360544472M">
                <allocation>1</allocation>
                <perpetual>false</perpetual>
                <preorder-backorder-handling>none</preorder-backorder-handling>
            </record>

            <record product-id="883360544489M">
                <allocation>3</allocation>
                <perpetual>false</perpetual>
                <preorder-backorder-handling>none</preorder-backorder-handling>
            </record>

            <record product-id="883360544496M">
                <allocation>3</allocation>
                <perpetual>false</perpetual>
                <preorder-backorder-handling>none</preorder-backorder-handling>
            </record>

            <record product-id="883360554105M">
                <allocation>0</allocation>
                <perpetual>false</perpetual>
                <preorder-backorder-handling>none</preorder-backorder-handling>
            </record>

            <record product-id="883360554112M">
                <allocation>1</allocation>
                <perpetual>false</perpetual>
                <preorder-backorder-handling>none</preorder-backorder-handling>
            </record>

            <record product-id="883360554129M">
                <allocation>1</allocation>
                <perpetual>false</perpetual>
                <preorder-backorder-handling>none</preorder-backorder-handling>
            </record>

            <record product-id="883360554136M">
                <allocation>1</allocation>
                <perpetual>false</perpetual>
                <preorder-backorder-handling>none</preorder-backorder-handling>
            </record>

            <record product-id="883360554143M">
                <allocation>3</allocation>
                <perpetual>false</perpetual>
                <preorder-backorder-handling>none</preorder-backorder-handling>
            </record>

            <record product-id="883360554150M">
                <allocation>0</allocation>
                <perpetual>false</perpetual>
                <preorder-backorder-handling>none</preorder-backorder-handling>
            </record>

            <record product-id="883360554167M">
                <allocation>0</allocation>
                <perpetual>false</perpetual>
                <preorder-backorder-handling>none</preorder-backorder-handling>
            </record>

            <record product-id="883360554174M">
                <allocation>3</allocation>
                <perpetual>false</perpetual>
                <preorder-backorder-handling>none</preorder-backorder-handling>
            </record>

            <record product-id="883360554181M">
                <allocation>2</allocation>
                <perpetual>false</perpetual>
                <preorder-backorder-handling>none</preorder-backorder-handling>
            </record>

            <record product-id="883360554198M">
                <allocation>0</allocation>
                <perpetual>false</perpetual>
                <preorder-backorder-handling>none</preorder-backorder-handling>
            </record>

            <record product-id="883360554204M">
                <allocation>3</allocation>
                <perpetual>false</perpetual>
                <preorder-backorder-handling>none</preorder-backorder-handling>
            </record>

            <record product-id="883360554211M">
                <allocation>2</allocation>
                <perpetual>false</perpetual>
                <preorder-backorder-handling>none</preorder-backorder-handling>
            </record>

            <record product-id="883360554228M">
                <allocation>0</allocation>
                <perpetual>false</perpetual>
                <preorder-backorder-handling>none</preorder-backorder-handling>
            </record>

            <record product-id="883360554235M">
                <allocation>1</allocation>
                <perpetual>false</perpetual>
                <preorder-backorder-handling>none</preorder-backorder-handling>
            </record>

            <record product-id="883360554242M">
                <allocation>1</allocation>
                <perpetual>false</perpetual>
                <preorder-backorder-handling>none</preorder-backorder-handling>
            </record>

            <record product-id="883360554259M">
                <allocation>0</allocation>
                <perpetual>false</perpetual>
                <preorder-backorder-handling>none</preorder-backorder-handling>
            </record>

            <record product-id="883360554266M">
                <allocation>3</allocation>
                <perpetual>false</perpetual>
                <preorder-backorder-handling>none</preorder-backorder-handling>
            </record>

            <record product-id="883360554273M">
                <allocation>0</allocation>
                <perpetual>false</perpetual>
                <preorder-backorder-handling>none</preorder-backorder-handling>
            </record>

            <record product-id="883360554280M">
                <allocation>0</allocation>
                <perpetual>false</perpetual>
                <preorder-backorder-handling>none</preorder-backorder-handling>
            </record>

            <record product-id="883360554297M">
                <allocation>0</allocation>
                <perpetual>false</perpetual>
                <preorder-backorder-handling>none</preorder-backorder-handling>
            </record>

            <record product-id="883360594408M">
                <allocation>2</allocation>
                <perpetual>false</perpetual>
                <preorder-backorder-handling>none</preorder-backorder-handling>
            </record>

            <record product-id="883360594415M">
                <allocation>1</allocation>
                <perpetual>false</perpetual>
                <preorder-backorder-handling>none</preorder-backorder-handling>
            </record>

            <record product-id="883360594422M">
                <allocation>3</allocation>
                <perpetual>false</perpetual>
                <preorder-backorder-handling>none</preorder-backorder-handling>
            </record>

            <record product-id="883360594439M">
                <allocation>2</allocation>
                <perpetual>false</perpetual>
                <preorder-backorder-handling>none</preorder-backorder-handling>
            </record>

            <record product-id="883360594446M">
                <allocation>0</allocation>
                <perpetual>false</perpetual>
                <preorder-backorder-handling>none</preorder-backorder-handling>
            </record>

            <record product-id="883360594453M">
                <allocation>0</allocation>
                <perpetual>false</perpetual>
                <preorder-backorder-handling>none</preorder-backorder-handling>
            </record>

            <record product-id="883360594460M">
                <allocation>3</allocation>
                <perpetual>false</perpetual>
                <preorder-backorder-handling>none</preorder-backorder-handling>
            </record>

            <record product-id="883360594477M">
                <allocation>1</allocation>
                <perpetual>false</perpetual>
                <preorder-backorder-handling>none</preorder-backorder-handling>
            </record>

            <record product-id="883360594484M">
                <allocation>0</allocation>
                <perpetual>false</perpetual>
                <preorder-backorder-handling>none</preorder-backorder-handling>
            </record>

            <record product-id="883360594491M">
                <allocation>1</allocation>
                <perpetual>false</perpetual>
                <preorder-backorder-handling>none</preorder-backorder-handling>
            </record>

            <record product-id="883858858234M">
                <allocation>3</allocation>
                <perpetual>false</perpetual>
                <preorder-backorder-handling>none</preorder-backorder-handling>
            </record>

            <record product-id="883858858241M">
                <allocation>2</allocation>
                <perpetual>false</perpetual>
                <preorder-backorder-handling>none</preorder-backorder-handling>
            </record>

            <record product-id="883858858258M">
                <allocation>2</allocation>
                <perpetual>false</perpetual>
                <preorder-backorder-handling>none</preorder-backorder-handling>
            </record>

            <record product-id="883858858265M">
                <allocation>3</allocation>
                <perpetual>false</perpetual>
                <preorder-backorder-handling>none</preorder-backorder-handling>
            </record>

            <record product-id="883858858272M">
                <allocation>3</allocation>
                <perpetual>false</perpetual>
                <preorder-backorder-handling>none</preorder-backorder-handling>
            </record>

            <record product-id="883858858289M">
                <allocation>3</allocation>
                <perpetual>false</perpetual>
                <preorder-backorder-handling>none</preorder-backorder-handling>
            </record>

            <record product-id="883858858296M">
                <allocation>2</allocation>
                <perpetual>false</perpetual>
                <preorder-backorder-handling>none</preorder-backorder-handling>
            </record>

            <record product-id="883858858302M">
                <allocation>0</allocation>
                <perpetual>false</perpetual>
                <preorder-backorder-handling>none</preorder-backorder-handling>
            </record>

            <record product-id="883858858319M">
                <allocation>1</allocation>
                <perpetual>false</perpetual>
                <preorder-backorder-handling>none</preorder-backorder-handling>
            </record>

            <record product-id="883858858326M">
                <allocation>0</allocation>
                <perpetual>false</perpetual>
                <preorder-backorder-handling>none</preorder-backorder-handling>
            </record>

        </records>
    </inventory-list>
</inventory>
