<?xml version="1.0" encoding="UTF-8"?>
<customer-groups xmlns="http://www.demandware.com/xml/impex/customergroup/2007-06-30">
    <customer-group group-id="Big Spenders">
        <description>Customers who have spent more then $200 in the last month</description>
        <membership-rule>
            <included-customers>
                <condition-group match-mode="all">
                    <condition>
                        <attribute-path>customer.activeData.orderValueMonth</attribute-path>
                        <operator>is-greater-than</operator>
                        <number>200.0</number>
                    </condition>
                </condition-group>
            </included-customers>
        </membership-rule>
        <custom-attributes/>
    </customer-group>

</customer-groups>
